OBJECTID,ID,risk,predict_risk
1,1001,0,0
2,1003,0,0
3,1005,0,0
4,1007,0,0
5,1009,0,0
6,1011,0,0
7,1013,0,0
8,1015,0,0
9,1017,0,0
10,1019,0,0
11,1021,0,0
12,1023,0,0
13,1025,0,0
14,1027,0,0
15,1029,0,0
16,1031,0,-1
17,1033,0,0
18,1035,0,0
19,1037,0,0
20,1039,0,0
21,1041,0,0
22,1043,0,0
23,1045,0,-1
24,1047,0,0
25,1049,0,0
26,1051,0,0
27,1053,0,0
28,1055,0,0
29,1057,0,0
30,1059,0,0
31,1061,0,0
32,1063,0,0
33,1065,0,0
34,1067,0,0
35,1069,0,0
36,1071,0,0
37,1073,0,0
38,1075,0,0
39,1077,0,0
40,1079,0,0
41,1081,0,0
42,1083,-1,-1
43,1085,0,0
44,1087,0,0
45,1089,-1,-1
46,1091,0,0
47,1093,0,0
48,1095,0,-1
49,1097,0,0
50,1099,0,0
51,1101,0,0
52,1103,0,-1
53,1105,0,0
54,1107,0,0
55,1109,0,0
56,1111,0,0
57,1113,0,0
58,1115,0,0
59,1117,0,0
60,1119,0,0
61,1121,0,0
62,1123,0,0
63,1125,0,0
64,1127,0,0
65,1129,0,0
66,1131,0,0
67,1133,0,0
68,4001,0,0
69,4003,0,0
70,4005,0,0
71,4007,1,1
72,4009,0,0
73,4011,0,0
74,4012,0,0
75,4013,0,-1
76,4015,0,0
77,4017,0,0
78,4019,0,0
79,4021,0,0
80,4023,0,0
81,4025,0,0
82,4027,-1,-1
83,5001,-1,-1
84,5003,0,0
85,5005,0,0
86,5007,0,0
87,5009,0,-1
88,5011,0,0
89,5013,0,0
90,5015,0,-1
91,5017,-1,-1
92,5019,0,0
93,5021,-1,-1
94,5023,0,0
95,5025,0,0
96,5027,0,0
97,5029,0,0
98,5031,-1,-1
99,5033,0,0
100,5035,-1,-1
101,5037,-1,-1
102,5039,0,0
103,5041,-1,-1
104,5043,0,0
105,5045,0,-1
106,5047,0,0
107,5049,0,0
108,5051,0,0
109,5053,0,0
110,5055,-1,-1
111,5057,0,0
112,5059,0,0
113,5061,0,0
114,5063,-1,-1
115,5065,0,0
116,5067,-1,-1
117,5069,-1,-1
118,5071,0,0
119,5073,0,0
120,5075,-1,-1
121,5077,-1,-1
122,5079,-1,-1
123,5081,0,0
124,5083,0,0
125,5085,-1,-1
126,5087,0,-1
127,5089,0,0
128,5091,0,0
129,5093,-1,-1
130,5095,-1,-1
131,5097,0,0
132,5099,0,0
133,5101,0,-1
134,5103,0,0
135,5105,0,0
136,5107,-1,-1
137,5109,0,0
138,5111,-1,-1
139,5113,0,0
140,5115,0,0
141,5117,-1,-1
142,5119,-1,-1
143,5121,-1,-1
144,5123,-1,-1
145,5125,0,0
146,5127,0,0
147,5129,0,0
148,5131,0,0
149,5133,0,0
150,5135,0,0
151,5137,0,0
152,5139,0,0
153,5141,0,0
154,5143,0,0
155,5145,-1,-1
156,5147,-1,-1
157,5149,0,0
158,6001,0,0
159,6003,0,0
160,6005,1,1
161,6007,1,1
162,6009,1,1
163,6011,0,0
164,6013,0,0
165,6015,1,1
166,6017,1,1
167,6019,0,0
168,6021,0,0
169,6023,1,1
170,6025,-1,-1
171,6027,0,0
172,6029,0,0
173,6031,-1,-1
174,6033,1,1
175,6035,1,1
176,6037,0,-1
177,6039,0,0
178,6041,0,0
179,6043,1,1
180,6045,1,1
181,6047,0,0
182,6049,1,0
183,6051,0,0
184,6053,0,0
185,6055,0,0
186,6057,1,1
187,6059,0,-1
188,6061,1,1
189,6063,1,1
190,6065,0,0
191,6067,0,-1
192,6069,1,0
193,6071,0,-1
194,6073,0,0
195,6075,-1,-1
196,6077,-1,-1
197,6079,0,0
198,6081,0,0
199,6083,0,0
200,6085,0,0
201,6087,1,1
202,6089,1,1
203,6091,1,1
204,6093,1,1
205,6095,0,0
206,6097,1,0
207,6099,0,0
208,6101,-1,-1
209,6103,1,1
210,6105,1,1
211,6107,0,0
212,6109,0,0
213,6111,1,1
214,6113,0,0
215,6115,0,0
216,8001,-1,-1
217,8003,-1,0
218,8005,-1,-1
219,8007,1,1
220,8009,0,0
221,8011,0,0
222,8013,0,0
223,8014,-1,-1
224,8015,0,0
225,8017,-1,-1
226,8019,0,0
227,8021,0,0
228,8023,0,0
229,8025,-1,-1
230,8027,0,0
231,8029,0,0
232,8031,-1,-1
233,8033,0,0
234,8035,0,0
235,8037,0,0
236,8039,0,0
237,8041,0,0
238,8043,0,0
239,8045,0,0
240,8047,0,0
241,8049,0,0
242,8051,0,0
243,8053,0,0
244,8055,0,0
245,8057,0,0
246,8059,1,0
247,8061,-1,-1
248,8063,-1,-1
249,8065,-1,-1
250,8067,0,0
251,8069,0,0
252,8071,0,0
253,8073,-1,0
254,8075,-1,-1
255,8077,0,0
256,8079,0,0
257,8081,0,0
258,8083,0,0
259,8085,0,0
260,8087,-1,-1
261,8089,0,0
262,8091,0,0
263,8093,0,0
264,8095,-1,-1
265,8097,0,0
266,8099,-1,0
267,8101,0,0
268,8103,1,1
269,8105,0,0
270,8107,0,0
271,8109,0,0
272,8111,0,0
273,8113,0,0
274,8115,-1,-1
275,8117,0,0
276,8119,1,1
277,8121,-1,-1
278,8123,-1,-1
279,8125,-1,-1
280,9001,0,-1
281,9003,0,-1
282,9005,0,0
283,9007,0,0
284,9009,0,-1
285,9011,0,0
286,9013,0,0
287,9015,0,0
288,10001,-1,0
289,10003,-1,0
290,10005,-1,0
291,11001,-1,-1
292,12001,1,0
293,12003,1,1
294,12005,0,0
295,12007,1,0
296,12009,0,0
297,12011,1,0
298,12013,0,0
299,12015,1,1
300,12017,0,0
301,12019,0,0
302,12021,0,0
303,12023,0,0
304,12027,0,0
305,12029,1,0
306,12031,0,0
307,12033,0,0
308,12035,1,1
309,12037,1,1
310,12039,0,0
311,12041,0,0
312,12043,1,1
313,12045,0,0
314,12047,0,0
315,12049,0,0
316,12051,0,0
317,12053,0,0
318,12055,0,0
319,12057,0,0
320,12059,0,0
321,12061,0,0
322,12063,0,0
323,12065,0,0
324,12067,0,0
325,12069,0,0
326,12071,0,0
327,12073,0,0
328,12075,1,1
329,12077,1,1
330,12079,0,0
331,12081,0,0
332,12083,1,0
333,12085,0,0
334,12086,1,0
335,12087,0,0
336,12089,0,0
337,12091,0,0
338,12093,1,0
339,12095,0,0
340,12097,0,0
341,12099,0,0
342,12101,0,0
343,12103,-1,-1
344,12105,0,0
345,12107,0,0
346,12109,0,0
347,12111,0,0
348,12113,0,0
349,12115,0,0
350,12117,0,0
351,12119,0,0
352,12121,0,0
353,12123,0,0
354,12125,1,1
355,12127,0,0
356,12129,1,1
357,12131,0,0
358,12133,0,0
359,13001,0,0
360,13003,0,0
361,13005,0,0
362,13007,0,0
363,13009,0,0
364,13011,0,0
365,13013,0,0
366,13015,0,0
367,13017,0,0
368,13019,0,0
369,13021,0,0
370,13023,0,0
371,13025,1,1
372,13027,0,0
373,13029,1,1
374,13031,0,0
375,13033,0,0
376,13035,0,0
377,13037,0,0
378,13039,0,0
379,13043,0,0
380,13045,0,0
381,13047,0,0
382,13049,0,0
383,13051,0,0
384,13053,0,0
385,13055,0,0
386,13057,0,0
387,13059,0,0
388,13061,0,0
389,13063,0,0
390,13065,0,0
391,13067,0,-1
392,13069,0,0
393,13071,0,0
394,13073,0,0
395,13075,0,0
396,13077,0,0
397,13079,0,0
398,13081,0,0
399,13083,0,0
400,13085,0,0
401,13087,0,0
402,13089,0,-1
403,13091,0,0
404,13093,0,0
405,13095,0,0
406,13097,0,0
407,13099,0,0
408,13101,0,0
409,13103,0,0
410,13105,0,0
411,13107,0,0
412,13109,0,0
413,13111,0,0
414,13113,0,0
415,13115,0,1
416,13117,0,0
417,13119,0,0
418,13121,0,-1
419,13123,0,0
420,13125,0,0
421,13127,1,1
422,13129,0,0
423,13131,0,0
424,13133,0,0
425,13135,0,-1
426,13137,0,0
427,13139,0,0
428,13141,0,0
429,13143,0,1
430,13145,0,0
431,13147,0,0
432,13149,0,0
433,13151,0,0
434,13153,0,0
435,13155,0,0
436,13157,0,0
437,13159,0,1
438,13161,0,0
439,13163,0,0
440,13165,0,0
441,13167,0,0
442,13169,1,1
443,13171,0,1
444,13173,0,0
445,13175,0,0
446,13177,0,0
447,13179,1,1
448,13181,0,0
449,13183,1,1
450,13185,0,0
451,13187,0,0
452,13189,0,0
453,13191,1,1
454,13193,0,0
455,13195,0,0
456,13197,0,0
457,13199,0,0
458,13201,0,0
459,13205,0,0
460,13207,1,1
461,13209,0,0
462,13211,0,0
463,13213,0,0
464,13215,0,0
465,13217,0,0
466,13219,0,0
467,13221,0,0
468,13223,0,0
469,13225,0,0
470,13227,0,0
471,13229,0,0
472,13231,0,1
473,13233,0,0
474,13235,0,0
475,13237,0,0
476,13239,0,0
477,13241,0,0
478,13243,0,0
479,13245,0,0
480,13247,0,0
481,13249,0,0
482,13251,0,0
483,13253,0,0
484,13255,0,0
485,13257,0,0
486,13259,0,0
487,13261,0,0
488,13263,0,0
489,13265,0,0
490,13267,0,0
491,13269,0,0
492,13271,0,0
493,13273,0,0
494,13275,0,0
495,13277,0,0
496,13279,0,0
497,13281,0,0
498,13283,0,0
499,13285,0,0
500,13287,0,0
501,13289,0,0
502,13291,0,0
503,13293,0,1
504,13295,0,0
505,13297,0,0
506,13299,0,0
507,13301,0,0
508,13303,0,0
509,13305,0,0
510,13307,0,0
511,13309,0,0
512,13311,0,0
513,13313,0,0
514,13315,0,0
515,13317,0,0
516,13319,0,0
517,13321,0,0
518,16001,1,0
519,16003,1,1
520,16005,1,1
521,16007,0,0
522,16009,0,0
523,16011,0,0
524,16013,0,0
525,16015,1,1
526,16017,0,0
527,16019,0,0
528,16021,0,0
529,16023,0,0
530,16025,0,0
531,16027,-1,-1
532,16029,0,0
533,16031,1,0
534,16033,0,0
535,16035,1,1
536,16037,0,0
537,16039,1,1
538,16041,0,0
539,16043,0,0
540,16045,1,1
541,16047,0,0
542,16049,1,1
543,16051,0,0
544,16053,0,0
545,16055,0,0
546,16057,0,0
547,16059,0,0
548,16061,0,0
549,16063,1,1
550,16065,-1,-1
551,16067,0,0
552,16069,0,0
553,16071,1,1
554,16073,1,1
555,16075,0,0
556,16077,0,0
557,16079,1,1
558,16081,0,0
559,16083,1,0
560,16085,1,1
561,16087,1,0
562,17001,-1,-1
563,17003,-1,-1
564,17005,-1,-1
565,17007,-1,-1
566,17009,-1,-1
567,17011,-1,-1
568,17013,-1,-1
569,17015,-1,-1
570,17017,-1,-1
571,17019,-1,-1
572,17021,-1,-1
573,17023,-1,-1
574,17025,-1,-1
575,17027,-1,-1
576,17029,-1,-1
577,17031,-1,-1
578,17033,-1,-1
579,17035,-1,-1
580,17037,-1,-1
581,17039,-1,-1
582,17041,-1,-1
583,17043,-1,-1
584,17045,-1,-1
585,17047,-1,-1
586,17049,-1,-1
587,17051,-1,-1
588,17053,-1,-1
589,17055,-1,-1
590,17057,-1,-1
591,17059,-1,-1
592,17061,-1,-1
593,17063,-1,-1
594,17065,-1,-1
595,17067,-1,-1
596,17069,-1,-1
597,17071,-1,-1
598,17073,-1,-1
599,17075,-1,-1
600,17077,-1,-1
601,17079,-1,-1
602,17081,-1,-1
603,17083,-1,-1
604,17085,-1,-1
605,17087,-1,-1
606,17089,-1,-1
607,17091,-1,-1
608,17093,-1,-1
609,17095,-1,-1
610,17097,-1,-1
611,17099,-1,-1
612,17101,-1,-1
613,17103,-1,-1
614,17105,-1,-1
615,17107,-1,-1
616,17109,-1,-1
617,17111,-1,-1
618,17113,-1,-1
619,17115,-1,-1
620,17117,-1,-1
621,17119,-1,-1
622,17121,-1,-1
623,17123,-1,-1
624,17125,-1,-1
625,17127,-1,-1
626,17129,-1,-1
627,17131,-1,-1
628,17133,-1,-1
629,17135,-1,-1
630,17137,-1,-1
631,17139,-1,-1
632,17141,-1,-1
633,17143,-1,-1
634,17145,-1,-1
635,17147,-1,-1
636,17149,-1,-1
637,17151,0,0
638,17153,-1,-1
639,17155,-1,-1
640,17157,-1,-1
641,17159,-1,-1
642,17161,-1,-1
643,17163,-1,-1
644,17165,-1,-1
645,17167,-1,-1
646,17169,-1,-1
647,17171,-1,-1
648,17173,-1,-1
649,17175,-1,-1
650,17177,-1,-1
651,17179,-1,-1
652,17181,-1,-1
653,17183,-1,-1
654,17185,-1,-1
655,17187,-1,-1
656,17189,-1,-1
657,17191,-1,-1
658,17193,-1,-1
659,17195,-1,-1
660,17197,-1,-1
661,17199,-1,-1
662,17201,-1,-1
663,17203,-1,-1
664,18001,-1,-1
665,18003,-1,-1
666,18005,-1,-1
667,18007,-1,-1
668,18009,-1,-1
669,18011,-1,-1
670,18013,-1,-1
671,18015,-1,-1
672,18017,-1,-1
673,18019,-1,-1
674,18021,-1,-1
675,18023,-1,-1
676,18025,-1,-1
677,18027,-1,-1
678,18029,-1,-1
679,18031,-1,-1
680,18033,-1,-1
681,18035,-1,-1
682,18037,-1,-1
683,18039,-1,-1
684,18041,-1,-1
685,18043,-1,-1
686,18045,-1,-1
687,18047,-1,-1
688,18049,-1,-1
689,18051,-1,-1
690,18053,-1,-1
691,18055,-1,-1
692,18057,-1,-1
693,18059,-1,-1
694,18061,-1,-1
695,18063,-1,-1
696,18065,-1,-1
697,18067,-1,-1
698,18069,-1,-1
699,18071,-1,-1
700,18073,-1,-1
701,18075,-1,-1
702,18077,-1,-1
703,18079,-1,-1
704,18081,-1,-1
705,18083,-1,-1
706,18085,-1,-1
707,18087,-1,-1
708,18089,-1,-1
709,18091,-1,-1
710,18093,-1,-1
711,18095,-1,-1
712,18097,-1,-1
713,18099,-1,-1
714,18101,-1,-1
715,18103,-1,-1
716,18105,-1,-1
717,18107,-1,-1
718,18109,-1,-1
719,18111,-1,-1
720,18113,-1,-1
721,18115,-1,-1
722,18117,-1,-1
723,18119,-1,-1
724,18121,-1,-1
725,18123,-1,-1
726,18125,-1,-1
727,18127,-1,-1
728,18129,-1,-1
729,18131,-1,-1
730,18133,-1,-1
731,18135,-1,-1
732,18137,-1,-1
733,18139,-1,-1
734,18141,-1,-1
735,18143,-1,-1
736,18145,-1,-1
737,18147,-1,-1
738,18149,-1,-1
739,18151,-1,-1
740,18153,-1,-1
741,18155,-1,-1
742,18157,-1,-1
743,18159,-1,-1
744,18161,-1,-1
745,18163,-1,-1
746,18165,-1,-1
747,18167,-1,-1
748,18169,-1,-1
749,18171,-1,-1
750,18173,-1,-1
751,18175,-1,-1
752,18177,-1,-1
753,18179,-1,-1
754,18181,-1,-1
755,18183,-1,-1
756,19001,-1,-1
757,19003,-1,-1
758,19005,-1,-1
759,19007,-1,-1
760,19009,-1,-1
761,19011,-1,-1
762,19013,-1,-1
763,19015,-1,-1
764,19017,-1,-1
765,19019,-1,-1
766,19021,-1,-1
767,19023,-1,-1
768,19025,-1,-1
769,19027,-1,-1
770,19029,-1,-1
771,19031,-1,-1
772,19033,-1,-1
773,19035,-1,-1
774,19037,-1,-1
775,19039,-1,-1
776,19041,-1,-1
777,19043,-1,-1
778,19045,-1,-1
779,19047,-1,-1
780,19049,-1,-1
781,19051,-1,-1
782,19053,-1,0
783,19055,-1,-1
784,19057,-1,-1
785,19059,-1,-1
786,19061,-1,-1
787,19063,-1,-1
788,19065,-1,-1
789,19067,-1,-1
790,19069,-1,-1
791,19071,-1,-1
792,19073,-1,-1
793,19075,-1,-1
794,19077,-1,-1
795,19079,-1,-1
796,19081,-1,-1
797,19083,-1,-1
798,19085,-1,-1
799,19087,-1,-1
800,19089,-1,-1
801,19091,-1,-1
802,19093,-1,-1
803,19095,-1,-1
804,19097,-1,-1
805,19099,-1,-1
806,19101,-1,-1
807,19103,-1,-1
808,19105,-1,-1
809,19107,-1,-1
810,19109,-1,-1
811,19111,-1,-1
812,19113,-1,-1
813,19115,-1,-1
814,19117,-1,-1
815,19119,-1,-1
816,19121,-1,-1
817,19123,-1,-1
818,19125,-1,-1
819,19127,-1,-1
820,19129,-1,-1
821,19131,-1,-1
822,19133,-1,-1
823,19135,-1,-1
824,19137,-1,-1
825,19139,-1,-1
826,19141,-1,-1
827,19143,-1,-1
828,19145,-1,-1
829,19147,-1,-1
830,19149,-1,-1
831,19151,-1,-1
832,19153,-1,-1
833,19155,-1,-1
834,19157,-1,-1
835,19159,-1,0
836,19161,-1,-1
837,19163,-1,-1
838,19165,-1,-1
839,19167,-1,-1
840,19169,-1,-1
841,19171,-1,-1
842,19173,-1,-1
843,19175,-1,-1
844,19177,-1,-1
845,19179,-1,-1
846,19181,-1,-1
847,19183,-1,-1
848,19185,-1,-1
849,19187,-1,-1
850,19189,-1,-1
851,19191,-1,-1
852,19193,-1,-1
853,19195,-1,-1
854,19197,-1,-1
855,20001,-1,-1
856,20003,-1,0
857,20005,-1,-1
858,20007,0,0
859,20009,-1,-1
860,20011,-1,-1
861,20013,-1,-1
862,20015,0,0
863,20017,0,0
864,20019,0,0
865,20021,-1,-1
866,20023,-1,-1
867,20025,0,0
868,20027,-1,-1
869,20029,-1,-1
870,20031,0,0
871,20033,0,0
872,20035,0,0
873,20037,-1,-1
874,20039,-1,-1
875,20041,-1,-1
876,20043,-1,-1
877,20045,-1,-1
878,20047,-1,-1
879,20049,0,0
880,20051,-1,-1
881,20053,0,0
882,20055,-1,-1
883,20057,-1,-1
884,20059,-1,0
885,20061,0,0
886,20063,-1,-1
887,20065,-1,-1
888,20067,-1,-1
889,20069,-1,-1
890,20071,-1,-1
891,20073,0,0
892,20075,-1,-1
893,20077,-1,-1
894,20079,-1,-1
895,20081,-1,-1
896,20083,-1,-1
897,20085,-1,0
898,20087,-1,-1
899,20089,-1,-1
900,20091,-1,-1
901,20093,-1,-1
902,20095,-1,0
903,20097,0,0
904,20099,-1,-1
905,20101,-1,-1
906,20103,-1,-1
907,20105,-1,0
908,20107,-1,-1
909,20109,-1,-1
910,20111,0,0
911,20113,-1,0
912,20115,-1,0
913,20117,-1,-1
914,20119,-1,0
915,20121,-1,-1
916,20123,-1,-1
917,20125,-1,-1
918,20127,0,0
919,20129,-1,0
920,20131,-1,-1
921,20133,-1,-1
922,20135,-1,-1
923,20137,-1,-1
924,20139,0,0
925,20141,-1,-1
926,20143,0,0
927,20145,-1,-1
928,20147,-1,-1
929,20149,0,0
930,20151,-1,-1
931,20153,-1,-1
932,20155,0,0
933,20157,-1,-1
934,20159,-1,0
935,20161,0,0
936,20163,-1,-1
937,20165,-1,-1
938,20167,-1,0
939,20169,0,0
940,20171,-1,-1
941,20173,-1,-1
942,20175,-1,-1
943,20177,-1,0
944,20179,-1,-1
945,20181,-1,-1
946,20183,-1,-1
947,20185,-1,0
948,20187,-1,-1
949,20189,-1,-1
950,20191,-1,-1
951,20193,-1,-1
952,20195,-1,-1
953,20197,0,0
954,20199,-1,-1
955,20201,-1,-1
956,20203,-1,-1
957,20205,-1,-1
958,20207,0,0
959,20209,-1,-1
960,21001,-1,-1
961,21003,-1,-1
962,21005,-1,-1
963,21007,-1,-1
964,21009,-1,-1
965,21011,0,0
966,21013,0,0
967,21015,-1,-1
968,21017,-1,-1
969,21019,0,0
970,21021,-1,-1
971,21023,-1,-1
972,21025,0,0
973,21027,-1,-1
974,21029,-1,-1
975,21031,-1,-1
976,21033,-1,-1
977,21035,-1,-1
978,21037,-1,-1
979,21039,-1,-1
980,21041,-1,-1
981,21043,0,0
982,21045,-1,-1
983,21047,-1,-1
984,21049,-1,-1
985,21051,0,0
986,21053,-1,-1
987,21055,-1,-1
988,21057,-1,-1
989,21059,-1,-1
990,21061,-1,-1
991,21063,0,0
992,21065,0,0
993,21067,-1,-1
994,21069,0,0
995,21071,0,0
996,21073,-1,-1
997,21075,-1,-1
998,21077,-1,-1
999,21079,0,-1
1000,21081,-1,-1
1001,21083,-1,-1
1002,21085,-1,-1
1003,21087,-1,-1
1004,21089,0,0
1005,21091,-1,-1
1006,21093,-1,-1
1007,21095,0,0
1008,21097,-1,-1
1009,21099,-1,-1
1010,21101,-1,-1
1011,21103,-1,-1
1012,21105,-1,-1
1013,21107,-1,-1
1014,21109,0,0
1015,21111,-1,-1
1016,21113,-1,-1
1017,21115,0,0
1018,21117,-1,-1
1019,21119,0,0
1020,21121,0,0
1021,21123,-1,-1
1022,21125,0,0
1023,21127,0,0
1024,21129,0,0
1025,21131,0,0
1026,21133,0,0
1027,21135,0,0
1028,21137,0,0
1029,21139,-1,-1
1030,21141,-1,-1
1031,21143,-1,-1
1032,21145,-1,-1
1033,21147,0,0
1034,21149,-1,-1
1035,21151,0,0
1036,21153,0,0
1037,21155,-1,-1
1038,21157,-1,-1
1039,21159,0,0
1040,21161,-1,-1
1041,21163,-1,-1
1042,21165,0,0
1043,21167,-1,-1
1044,21169,-1,-1
1045,21171,-1,-1
1046,21173,-1,-1
1047,21175,0,0
1048,21177,-1,-1
1049,21179,-1,-1
1050,21181,-1,-1
1051,21183,-1,-1
1052,21185,-1,-1
1053,21187,-1,-1
1054,21189,0,0
1055,21191,-1,-1
1056,21193,0,0
1057,21195,0,0
1058,21197,0,0
1059,21199,0,0
1060,21201,-1,-1
1061,21203,0,0
1062,21205,0,0
1063,21207,-1,-1
1064,21209,-1,-1
1065,21211,-1,-1
1066,21213,-1,-1
1067,21215,-1,-1
1068,21217,-1,-1
1069,21219,-1,-1
1070,21221,-1,-1
1071,21223,-1,-1
1072,21225,-1,-1
1073,21227,-1,-1
1074,21229,-1,-1
1075,21231,0,0
1076,21233,-1,-1
1077,21235,0,0
1078,21237,0,0
1079,21239,-1,-1
1080,22001,-1,0
1081,22003,0,0
1082,22005,-1,-1
1083,22007,-1,-1
1084,22009,-1,0
1085,22011,0,0
1086,22013,0,0
1087,22015,0,0
1088,22017,0,0
1089,22019,0,0
1090,22021,0,0
1091,22023,1,1
1092,22025,-1,0
1093,22027,0,0
1094,22029,-1,-1
1095,22031,0,0
1096,22033,-1,-1
1097,22035,-1,-1
1098,22037,0,0
1099,22039,0,0
1100,22041,-1,-1
1101,22043,0,0
1102,22045,-1,-1
1103,22047,-1,-1
1104,22049,0,0
1105,22051,0,0
1106,22053,-1,0
1107,22055,-1,-1
1108,22057,0,0
1109,22059,0,0
1110,22061,0,0
1111,22063,0,0
1112,22065,-1,-1
1113,22067,-1,-1
1114,22069,0,0
1115,22071,0,0
1116,22073,0,-1
1117,22075,0,0
1118,22077,-1,-1
1119,22079,0,0
1120,22081,0,-1
1121,22083,-1,-1
1122,22085,0,0
1123,22087,1,0
1124,22089,0,0
1125,22091,0,0
1126,22093,-1,-1
1127,22095,0,0
1128,22097,-1,-1
1129,22099,-1,-1
1130,22101,-1,-1
1131,22103,0,0
1132,22105,0,0
1133,22107,-1,-1
1134,22109,-1,0
1135,22111,0,0
1136,22113,0,0
1137,22115,0,0
1138,22117,0,0
1139,22119,0,0
1140,22121,-1,-1
1141,22123,-1,-1
1142,22125,-1,-1
1143,22127,0,0
1144,23001,0,0
1145,23003,0,0
1146,23005,0,0
1147,23007,0,0
1148,23009,0,0
1149,23011,0,0
1150,23013,0,0
1151,23015,0,0
1152,23017,0,0
1153,23019,0,0
1154,23021,0,0
1155,23023,0,0
1156,23025,0,0
1157,23027,0,0
1158,23029,0,0
1159,23031,0,0
1160,24001,0,0
1161,24003,-1,-1
1162,24005,-1,-1
1163,24009,-1,0
1164,24011,-1,-1
1165,24013,-1,-1
1166,24015,-1,-1
1167,24017,0,0
1168,24019,0,0
1169,24021,-1,-1
1170,24023,-1,-1
1171,24025,-1,-1
1172,24027,-1,-1
1173,24029,-1,-1
1174,24031,-1,-1
1175,24033,-1,-1
1176,24035,-1,-1
1177,24037,-1,0
1178,24039,0,0
1179,24041,-1,-1
1180,24043,-1,-1
1181,24045,0,0
1182,24047,-1,0
1183,24510,-1,-1
1184,25001,-1,0
1185,25003,0,-1
1186,25005,-1,-1
1187,25007,-1,-1
1188,25009,-1,-1
1189,25011,-1,-1
1190,25013,-1,-1
1191,25015,-1,-1
1192,25017,-1,-1
1193,25019,-1,-1
1194,25021,-1,-1
1195,25023,-1,-1
1196,25025,-1,-1
1197,25027,-1,-1
1198,26001,0,0
1199,26003,-1,0
1200,26005,-1,-1
1201,26007,-1,-1
1202,26009,-1,0
1203,26011,-1,0
1204,26013,0,-1
1205,26015,-1,-1
1206,26017,-1,-1
1207,26019,-1,-1
1208,26021,-1,-1
1209,26023,-1,-1
1210,26025,-1,-1
1211,26027,-1,-1
1212,26029,-1,-1
1213,26031,-1,-1
1214,26033,0,0
1215,26035,0,0
1216,26037,-1,-1
1217,26039,0,0
1218,26041,-1,0
1219,26043,0,-1
1220,26045,-1,-1
1221,26047,-1,-1
1222,26049,-1,-1
1223,26051,0,0
1224,26053,-1,-1
1225,26055,-1,0
1226,26057,-1,-1
1227,26059,-1,-1
1228,26061,-1,-1
1229,26063,-1,-1
1230,26065,-1,-1
1231,26067,-1,-1
1232,26069,0,0
1233,26071,-1,-1
1234,26073,-1,-1
1235,26075,-1,-1
1236,26077,-1,-1
1237,26079,0,0
1238,26081,-1,-1
1239,26083,-1,-1
1240,26085,0,0
1241,26087,-1,-1
1242,26089,-1,-1
1243,26091,-1,-1
1244,26093,-1,-1
1245,26095,0,0
1246,26097,0,0
1247,26099,-1,-1
1248,26101,0,0
1249,26103,0,0
1250,26105,-1,0
1251,26107,-1,0
1252,26109,0,0
1253,26111,-1,-1
1254,26113,0,0
1255,26115,-1,-1
1256,26117,-1,-1
1257,26119,0,0
1258,26121,-1,-1
1259,26123,0,0
1260,26125,-1,-1
1261,26127,-1,-1
1262,26129,0,0
1263,26131,-1,-1
1264,26133,-1,0
1265,26135,0,0
1266,26137,0,0
1267,26139,-1,-1
1268,26141,-1,-1
1269,26143,0,0
1270,26145,-1,-1
1271,26147,-1,-1
1272,26149,-1,-1
1273,26151,-1,-1
1274,26153,0,0
1275,26155,-1,-1
1276,26157,-1,-1
1277,26159,-1,-1
1278,26161,-1,-1
1279,26163,-1,-1
1280,26165,0,0
1281,27001,0,0
1282,27003,0,0
1283,27005,0,0
1284,27007,0,0
1285,27009,-1,0
1286,27011,-1,-1
1287,27013,-1,-1
1288,27015,-1,-1
1289,27017,0,0
1290,27019,-1,-1
1291,27021,0,0
1292,27023,-1,-1
1293,27025,0,0
1294,27027,-1,-1
1295,27029,0,0
1296,27031,0,0
1297,27033,-1,-1
1298,27035,0,0
1299,27037,-1,-1
1300,27039,-1,-1
1301,27041,-1,-1
1302,27043,-1,-1
1303,27045,-1,-1
1304,27047,-1,-1
1305,27049,-1,-1
1306,27051,-1,-1
1307,27053,-1,-1
1308,27055,-1,-1
1309,27057,0,0
1310,27059,0,0
1311,27061,0,0
1312,27063,-1,-1
1313,27065,0,0
1314,27067,-1,-1
1315,27069,0,0
1316,27071,0,0
1317,27073,-1,-1
1318,27075,0,0
1319,27077,0,0
1320,27079,-1,-1
1321,27081,-1,-1
1322,27083,-1,-1
1323,27085,-1,-1
1324,27087,0,0
1325,27089,0,0
1326,27091,-1,-1
1327,27093,-1,-1
1328,27095,0,0
1329,27097,0,0
1330,27099,-1,-1
1331,27101,-1,-1
1332,27103,-1,-1
1333,27105,-1,-1
1334,27107,-1,-1
1335,27109,-1,-1
1336,27111,-1,-1
1337,27113,0,0
1338,27115,0,0
1339,27117,-1,-1
1340,27119,-1,0
1341,27121,-1,-1
1342,27123,-1,-1
1343,27125,-1,0
1344,27127,-1,-1
1345,27129,-1,-1
1346,27131,-1,-1
1347,27133,-1,-1
1348,27135,0,0
1349,27137,0,0
1350,27139,-1,-1
1351,27141,0,0
1352,27143,-1,-1
1353,27145,-1,-1
1354,27147,-1,-1
1355,27149,-1,-1
1356,27151,-1,-1
1357,27153,0,0
1358,27155,-1,-1
1359,27157,-1,-1
1360,27159,0,0
1361,27161,-1,-1
1362,27163,-1,0
1363,27165,-1,-1
1364,27167,-1,-1
1365,27169,-1,-1
1366,27171,-1,-1
1367,27173,-1,-1
1368,28001,0,0
1369,28003,0,0
1370,28005,0,0
1371,28007,0,0
1372,28009,0,0
1373,28011,-1,-1
1374,28013,0,0
1375,28015,0,0
1376,28017,0,0
1377,28019,0,0
1378,28021,0,0
1379,28023,0,0
1380,28025,0,0
1381,28027,-1,-1
1382,28029,0,0
1383,28031,1,1
1384,28033,-1,0
1385,28035,1,1
1386,28037,0,0
1387,28039,1,0
1388,28041,0,0
1389,28043,0,0
1390,28045,1,1
1391,28047,1,0
1392,28049,0,0
1393,28051,0,0
1394,28053,-1,-1
1395,28055,-1,-1
1396,28057,0,0
1397,28059,1,1
1398,28061,0,0
1399,28063,0,0
1400,28065,1,1
1401,28067,0,0
1402,28069,0,0
1403,28071,0,0
1404,28073,1,1
1405,28075,0,0
1406,28077,1,0
1407,28079,0,0
1408,28081,0,0
1409,28083,-1,-1
1410,28085,1,1
1411,28087,0,0
1412,28089,0,0
1413,28091,1,1
1414,28093,0,0
1415,28095,0,0
1416,28097,0,0
1417,28099,0,0
1418,28101,0,0
1419,28103,0,0
1420,28105,0,0
1421,28107,0,0
1422,28109,1,1
1423,28111,1,1
1424,28113,1,1
1425,28115,0,0
1426,28117,0,0
1427,28119,-1,-1
1428,28121,0,0
1429,28123,0,0
1430,28125,-1,-1
1431,28127,0,0
1432,28129,0,0
1433,28131,1,1
1434,28133,-1,-1
1435,28135,-1,-1
1436,28137,0,0
1437,28139,0,0
1438,28141,0,0
1439,28143,-1,-1
1440,28145,0,0
1441,28147,1,1
1442,28149,-1,-1
1443,28151,-1,-1
1444,28153,0,0
1445,28155,0,0
1446,28157,0,0
1447,28159,0,0
1448,28161,0,0
1449,28163,-1,0
1450,29001,-1,-1
1451,29003,-1,-1
1452,29005,-1,-1
1453,29007,-1,-1
1454,29009,0,-1
1455,29011,-1,-1
1456,29013,-1,-1
1457,29015,-1,0
1458,29017,-1,-1
1459,29019,-1,-1
1460,29021,-1,-1
1461,29023,-1,-1
1462,29025,-1,-1
1463,29027,-1,-1
1464,29029,0,0
1465,29031,-1,-1
1466,29033,-1,-1
1467,29035,0,0
1468,29037,-1,-1
1469,29039,-1,0
1470,29041,-1,-1
1471,29043,0,0
1472,29045,-1,-1
1473,29047,-1,-1
1474,29049,-1,-1
1475,29051,-1,-1
1476,29053,-1,-1
1477,29055,0,-1
1478,29057,-1,-1
1479,29059,0,0
1480,29061,-1,-1
1481,29063,-1,-1
1482,29065,0,0
1483,29067,0,0
1484,29069,-1,-1
1485,29071,-1,-1
1486,29073,-1,-1
1487,29075,-1,-1
1488,29077,-1,-1
1489,29079,-1,-1
1490,29081,-1,-1
1491,29083,-1,0
1492,29085,0,0
1493,29087,-1,-1
1494,29089,-1,-1
1495,29091,0,0
1496,29093,0,0
1497,29095,-1,-1
1498,29097,-1,-1
1499,29099,-1,-1
1500,29101,-1,-1
1501,29103,-1,-1
1502,29105,0,0
1503,29107,-1,-1
1504,29109,-1,-1
1505,29111,-1,-1
1506,29113,-1,-1
1507,29115,-1,-1
1508,29117,-1,-1
1509,29119,0,0
1510,29121,-1,-1
1511,29123,-1,-1
1512,29125,0,-1
1513,29127,-1,-1
1514,29129,-1,-1
1515,29131,-1,-1
1516,29133,-1,-1
1517,29135,-1,0
1518,29137,-1,-1
1519,29139,-1,-1
1520,29141,-1,0
1521,29143,-1,-1
1522,29145,0,0
1523,29147,-1,-1
1524,29149,0,0
1525,29151,-1,-1
1526,29153,0,0
1527,29155,-1,-1
1528,29157,-1,-1
1529,29159,-1,-1
1530,29161,0,-1
1531,29163,-1,-1
1532,29165,-1,-1
1533,29167,0,0
1534,29169,0,-1
1535,29171,-1,-1
1536,29173,-1,-1
1537,29175,-1,-1
1538,29177,-1,-1
1539,29179,0,0
1540,29181,0,-1
1541,29183,-1,-1
1542,29185,-1,0
1543,29186,-1,-1
1544,29187,-1,-1
1545,29189,-1,-1
1546,29195,-1,-1
1547,29197,-1,-1
1548,29199,-1,-1
1549,29201,-1,-1
1550,29203,0,0
1551,29205,-1,-1
1552,29207,-1,-1
1553,29209,-1,0
1554,29211,-1,-1
1555,29213,0,0
1556,29215,0,0
1557,29217,-1,-1
1558,29219,-1,-1
1559,29221,0,-1
1560,29223,0,-1
1561,29225,0,0
1562,29227,-1,-1
1563,29229,0,0
1564,29510,-1,-1
1565,30001,0,0
1566,30003,0,0
1567,30005,0,0
1568,30007,0,0
1569,30009,0,0
1570,30011,0,0
1571,30013,0,0
1572,30015,-1,0
1573,30017,0,0
1574,30019,-1,0
1575,30021,-1,0
1576,30023,0,0
1577,30025,0,0
1578,30027,0,0
1579,30029,0,0
1580,30031,0,0
1581,30033,0,0
1582,30035,0,0
1583,30037,0,0
1584,30039,0,1
1585,30041,-1,0
1586,30043,0,0
1587,30045,0,0
1588,30047,0,0
1589,30049,0,0
1590,30051,-1,-1
1591,30053,1,1
1592,30055,-1,0
1593,30057,0,0
1594,30059,0,0
1595,30061,1,1
1596,30063,1,1
1597,30065,0,0
1598,30067,0,0
1599,30069,0,0
1600,30071,0,0
1601,30073,-1,0
1602,30075,0,0
1603,30077,0,0
1604,30079,0,0
1605,30081,1,0
1606,30083,-1,0
1607,30085,-1,0
1608,30087,0,0
1609,30089,1,1
1610,30091,-1,-1
1611,30093,0,0
1612,30095,0,0
1613,30097,0,0
1614,30099,-1,0
1615,30101,-1,-1
1616,30103,0,0
1617,30105,-1,0
1618,30107,0,0
1619,30109,-1,0
1620,30111,0,0
1621,31001,-1,-1
1622,31003,-1,-1
1623,31005,0,0
1624,31007,-1,0
1625,31009,0,0
1626,31011,-1,-1
1627,31013,-1,0
1628,31015,-1,0
1629,31017,0,0
1630,31019,-1,-1
1631,31021,-1,-1
1632,31023,-1,-1
1633,31025,-1,-1
1634,31027,-1,-1
1635,31029,-1,-1
1636,31031,0,0
1637,31033,-1,0
1638,31035,-1,-1
1639,31037,-1,-1
1640,31039,-1,-1
1641,31041,-1,0
1642,31043,-1,-1
1643,31045,0,0
1644,31047,-1,-1
1645,31049,-1,-1
1646,31051,-1,-1
1647,31053,-1,-1
1648,31055,-1,-1
1649,31057,-1,-1
1650,31059,-1,-1
1651,31061,-1,-1
1652,31063,-1,0
1653,31065,-1,-1
1654,31067,-1,-1
1655,31069,0,0
1656,31071,0,0
1657,31073,-1,-1
1658,31075,0,0
1659,31077,-1,0
1660,31079,-1,-1
1661,31081,-1,-1
1662,31083,-1,-1
1663,31085,-1,-1
1664,31087,-1,-1
1665,31089,0,0
1666,31091,0,0
1667,31093,-1,0
1668,31095,-1,-1
1669,31097,-1,-1
1670,31099,-1,-1
1671,31101,-1,0
1672,31103,0,0
1673,31105,-1,-1
1674,31107,-1,0
1675,31109,-1,-1
1676,31111,-1,0
1677,31113,-1,0
1678,31115,-1,0
1679,31117,0,0
1680,31119,-1,-1
1681,31121,-1,-1
1682,31123,-1,0
1683,31125,-1,-1
1684,31127,-1,-1
1685,31129,-1,-1
1686,31131,-1,-1
1687,31133,-1,0
1688,31135,-1,-1
1689,31137,-1,-1
1690,31139,-1,-1
1691,31141,-1,-1
1692,31143,-1,-1
1693,31145,-1,-1
1694,31147,-1,-1
1695,31149,0,0
1696,31151,-1,-1
1697,31153,-1,-1
1698,31155,-1,-1
1699,31157,-1,0
1700,31159,-1,-1
1701,31161,0,0
1702,31163,-1,0
1703,31165,0,0
1704,31167,-1,-1
1705,31169,-1,-1
1706,31171,0,0
1707,31173,-1,-1
1708,31175,-1,0
1709,31177,-1,-1
1710,31179,-1,-1
1711,31181,-1,-1
1712,31183,0,0
1713,31185,-1,-1
1714,32001,0,0
1715,32003,0,0
1716,32005,0,0
1717,32007,1,1
1718,32009,0,-1
1719,32011,1,1
1720,32013,0,0
1721,32015,1,1
1722,32017,0,0
1723,32019,0,0
1724,32021,0,0
1725,32023,0,0
1726,32027,0,0
1727,32029,0,0
1728,32031,0,0
1729,32033,0,0
1730,32510,0,0
1731,33001,0,0
1732,33003,0,0
1733,33005,-1,-1
1734,33007,-1,-1
1735,33009,-1,-1
1736,33011,0,-1
1737,33013,0,0
1738,33015,0,0
1739,33017,0,0
1740,33019,-1,-1
1741,34001,0,1
1742,34003,0,-1
1743,34005,0,0
1744,34007,0,0
1745,34009,0,0
1746,34011,0,0
1747,34013,0,-1
1748,34015,0,0
1749,34017,-1,-1
1750,34019,0,0
1751,34021,0,0
1752,34023,0,-1
1753,34025,0,0
1754,34027,0,0
1755,34029,0,0
1756,34031,0,0
1757,34033,0,0
1758,34035,0,0
1759,34037,0,0
1760,34039,0,-1
1761,34041,0,0
1762,35001,0,0
1763,35003,1,1
1764,35005,0,0
1765,35006,0,0
1766,35007,0,0
1767,35009,0,0
1768,35011,0,0
1769,35013,-1,-1
1770,35015,0,0
1771,35017,1,1
1772,35019,0,0
1773,35021,0,0
1774,35023,0,0
1775,35025,0,0
1776,35027,0,0
1777,35028,0,0
1778,35029,0,0
1779,35031,0,0
1780,35033,0,0
1781,35035,0,0
1782,35037,0,0
1783,35039,0,0
1784,35041,0,0
1785,35043,0,0
1786,35045,0,0
1787,35047,0,0
1788,35049,0,0
1789,35051,0,0
1790,35053,0,0
1791,35055,0,0
1792,35057,0,0
1793,35059,0,0
1794,35061,0,0
1795,36001,0,0
1796,36003,0,0
1797,36005,-1,-1
1798,36007,0,0
1799,36009,0,0
1800,36011,-1,-1
1801,36013,0,-1
1802,36015,0,0
1803,36017,0,0
1804,36019,0,0
1805,36021,0,0
1806,36023,0,0
1807,36025,0,-1
1808,36027,0,0
1809,36029,0,-1
1810,36031,0,0
1811,36033,0,-1
1812,36035,0,0
1813,36037,-1,-1
1814,36039,0,0
1815,36041,-1,-1
1816,36043,0,-1
1817,36045,0,0
1818,36047,-1,-1
1819,36049,0,-1
1820,36051,0,0
1821,36053,0,0
1822,36055,0,0
1823,36057,0,0
1824,36059,0,-1
1825,36061,-1,-1
1826,36063,0,0
1827,36065,0,0
1828,36067,0,-1
1829,36069,0,0
1830,36071,0,0
1831,36073,-1,0
1832,36075,0,0
1833,36077,0,-1
1834,36079,0,0
1835,36081,-1,-1
1836,36083,0,0
1837,36085,-1,-1
1838,36087,0,0
1839,36089,0,0
1840,36091,0,0
1841,36093,0,0
1842,36095,0,0
1843,36097,0,0
1844,36099,-1,-1
1845,36101,0,0
1846,36103,0,0
1847,36105,0,0
1848,36107,0,0
1849,36109,0,0
1850,36111,0,0
1851,36113,0,0
1852,36115,0,0
1853,36117,0,0
1854,36119,0,0
1855,36121,-1,0
1856,36123,-1,0
1857,37001,0,0
1858,37003,0,0
1859,37005,0,0
1860,37007,0,0
1861,37009,0,0
1862,37011,0,0
1863,37013,0,0
1864,37015,0,0
1865,37017,0,0
1866,37019,0,0
1867,37021,0,0
1868,37023,0,0
1869,37025,0,0
1870,37027,0,0
1871,37029,-1,0
1872,37031,0,0
1873,37033,0,0
1874,37035,0,0
1875,37037,0,0
1876,37039,0,0
1877,37041,0,0
1878,37043,0,0
1879,37045,0,0
1880,37047,0,0
1881,37049,0,0
1882,37051,0,0
1883,37053,0,0
1884,37055,1,1
1885,37057,0,0
1886,37059,0,0
1887,37061,0,0
1888,37063,0,0
1889,37065,-1,-1
1890,37067,0,0
1891,37069,0,0
1892,37071,0,0
1893,37073,0,0
1894,37075,0,0
1895,37077,0,0
1896,37079,-1,0
1897,37081,0,0
1898,37083,0,0
1899,37085,0,0
1900,37087,0,0
1901,37089,0,0
1902,37091,0,0
1903,37093,0,0
1904,37095,0,0
1905,37097,0,0
1906,37099,0,0
1907,37101,0,0
1908,37103,0,0
1909,37105,0,0
1910,37107,0,0
1911,37109,0,0
1912,37111,0,0
1913,37113,0,0
1914,37115,0,0
1915,37117,0,0
1916,37119,0,0
1917,37121,0,0
1918,37123,0,0
1919,37125,0,1
1920,37127,0,0
1921,37129,0,0
1922,37131,0,0
1923,37133,0,0
1924,37135,0,0
1925,37137,0,0
1926,37139,-1,-1
1927,37141,0,0
1928,37143,-1,-1
1929,37145,0,0
1930,37147,0,0
1931,37149,0,0
1932,37151,0,0
1933,37153,0,0
1934,37155,0,0
1935,37157,0,0
1936,37159,0,0
1937,37161,0,0
1938,37163,0,0
1939,37165,0,0
1940,37167,0,0
1941,37169,0,0
1942,37171,0,0
1943,37173,0,0
1944,37175,0,0
1945,37177,0,0
1946,37179,0,0
1947,37181,0,0
1948,37183,0,0
1949,37185,0,0
1950,37187,0,0
1951,37189,0,0
1952,37191,0,0
1953,37193,0,0
1954,37195,-1,0
1955,37197,0,0
1956,37199,0,0
1957,38001,-1,0
1958,38003,-1,-1
1959,38005,-1,0
1960,38007,0,0
1961,38009,-1,-1
1962,38011,-1,0
1963,38013,-1,-1
1964,38015,-1,0
1965,38017,-1,-1
1966,38019,-1,-1
1967,38021,-1,-1
1968,38023,-1,-1
1969,38025,-1,0
1970,38027,0,0
1971,38029,0,0
1972,38031,-1,-1
1973,38033,-1,0
1974,38035,-1,-1
1975,38037,-1,0
1976,38039,-1,-1
1977,38041,-1,-1
1978,38043,-1,0
1979,38045,-1,-1
1980,38047,-1,-1
1981,38049,0,0
1982,38051,-1,-1
1983,38053,-1,0
1984,38055,-1,-1
1985,38057,-1,0
1986,38059,-1,0
1987,38061,-1,-1
1988,38063,-1,-1
1989,38065,-1,0
1990,38067,-1,-1
1991,38069,-1,0
1992,38071,-1,-1
1993,38073,-1,-1
1994,38075,-1,-1
1995,38077,-1,-1
1996,38079,0,0
1997,38081,-1,-1
1998,38083,-1,-1
1999,38085,0,0
2000,38087,-1,0
2001,38089,-1,0
2002,38091,-1,-1
2003,38093,-1,-1
2004,38095,-1,-1
2005,38097,-1,-1
2006,38099,-1,-1
2007,38101,-1,-1
2008,38103,-1,-1
2009,38105,-1,-1
2010,39001,-1,-1
2011,39003,-1,-1
2012,39005,-1,-1
2013,39007,-1,-1
2014,39009,-1,-1
2015,39011,-1,-1
2016,39013,-1,-1
2017,39015,-1,-1
2018,39017,-1,-1
2019,39019,-1,-1
2020,39021,-1,-1
2021,39023,-1,-1
2022,39025,-1,-1
2023,39027,-1,-1
2024,39029,-1,-1
2025,39031,-1,-1
2026,39033,-1,-1
2027,39035,-1,-1
2028,39037,-1,-1
2029,39039,-1,-1
2030,39041,-1,-1
2031,39043,-1,-1
2032,39045,-1,-1
2033,39047,-1,-1
2034,39049,-1,-1
2035,39051,-1,-1
2036,39053,0,0
2037,39055,-1,-1
2038,39057,-1,-1
2039,39059,-1,-1
2040,39061,-1,-1
2041,39063,-1,-1
2042,39065,-1,-1
2043,39067,-1,-1
2044,39069,-1,-1
2045,39071,-1,-1
2046,39073,-1,-1
2047,39075,-1,-1
2048,39077,-1,-1
2049,39079,0,-1
2050,39081,-1,-1
2051,39083,-1,-1
2052,39085,-1,-1
2053,39087,0,0
2054,39089,-1,-1
2055,39091,-1,-1
2056,39093,-1,-1
2057,39095,-1,-1
2058,39097,-1,-1
2059,39099,-1,-1
2060,39101,-1,-1
2061,39103,-1,-1
2062,39105,-1,-1
2063,39107,-1,-1
2064,39109,-1,-1
2065,39111,-1,-1
2066,39113,-1,-1
2067,39115,-1,-1
2068,39117,-1,-1
2069,39119,-1,-1
2070,39121,-1,-1
2071,39123,-1,-1
2072,39125,-1,-1
2073,39127,-1,-1
2074,39129,-1,-1
2075,39131,-1,-1
2076,39133,-1,-1
2077,39135,-1,-1
2078,39137,-1,-1
2079,39139,-1,-1
2080,39141,-1,-1
2081,39143,-1,-1
2082,39145,0,0
2083,39147,-1,-1
2084,39149,-1,-1
2085,39151,-1,-1
2086,39153,-1,-1
2087,39155,-1,-1
2088,39157,-1,-1
2089,39159,-1,-1
2090,39161,-1,-1
2091,39163,-1,-1
2092,39165,-1,-1
2093,39167,-1,-1
2094,39169,-1,-1
2095,39171,-1,-1
2096,39173,-1,-1
2097,39175,-1,-1
2098,40001,0,0
2099,40003,-1,-1
2100,40005,0,0
2101,40007,0,0
2102,40009,0,0
2103,40011,-1,-1
2104,40013,0,0
2105,40015,0,0
2106,40017,-1,-1
2107,40019,0,0
2108,40021,0,0
2109,40023,0,0
2110,40025,0,0
2111,40027,-1,-1
2112,40029,0,0
2113,40031,0,0
2114,40033,-1,0
2115,40035,0,0
2116,40037,0,0
2117,40039,0,0
2118,40041,0,0
2119,40043,0,0
2120,40045,0,0
2121,40047,-1,-1
2122,40049,0,0
2123,40051,0,0
2124,40053,-1,-1
2125,40055,0,0
2126,40057,0,0
2127,40059,0,0
2128,40061,0,0
2129,40063,0,0
2130,40065,-1,-1
2131,40067,0,0
2132,40069,0,0
2133,40071,-1,-1
2134,40073,-1,-1
2135,40075,-1,-1
2136,40077,0,0
2137,40079,0,0
2138,40081,0,0
2139,40083,-1,0
2140,40085,0,0
2141,40087,0,0
2142,40089,0,0
2143,40091,0,0
2144,40093,-1,-1
2145,40095,0,0
2146,40097,0,0
2147,40099,0,0
2148,40101,0,0
2149,40103,-1,0
2150,40105,0,0
2151,40107,0,0
2152,40109,-1,-1
2153,40111,0,0
2154,40113,0,0
2155,40115,0,0
2156,40117,0,0
2157,40119,0,0
2158,40121,0,0
2159,40123,0,0
2160,40125,0,0
2161,40127,0,0
2162,40129,0,0
2163,40131,0,0
2164,40133,0,0
2165,40135,0,0
2166,40137,0,0
2167,40139,0,0
2168,40141,-1,-1
2169,40143,0,-1
2170,40145,0,0
2171,40147,0,0
2172,40149,-1,-1
2173,40151,0,0
2174,40153,0,0
2175,41001,1,0
2176,41003,0,0
2177,41005,0,0
2178,41007,0,0
2179,41009,0,0
2180,41011,0,0
2181,41013,0,0
2182,41015,0,0
2183,41017,0,0
2184,41019,0,0
2185,41021,0,0
2186,41023,1,1
2187,41025,0,0
2188,41027,1,0
2189,41029,1,1
2190,41031,1,0
2191,41033,1,1
2192,41035,0,0
2193,41037,0,0
2194,41039,0,0
2195,41041,0,-1
2196,41043,0,0
2197,41045,0,1
2198,41047,0,0
2199,41049,0,0
2200,41051,0,-1
2201,41053,0,0
2202,41055,0,0
2203,41057,0,0
2204,41059,0,0
2205,41061,1,1
2206,41063,1,0
2207,41065,1,1
2208,41067,0,0
2209,41069,1,1
2210,41071,0,0
2211,42001,-1,-1
2212,42003,-1,-1
2213,42005,-1,-1
2214,42007,-1,-1
2215,42009,-1,-1
2216,42011,-1,-1
2217,42013,-1,-1
2218,42015,0,-1
2219,42017,-1,-1
2220,42019,-1,-1
2221,42021,-1,-1
2222,42023,0,-1
2223,42025,0,0
2224,42027,-1,-1
2225,42029,-1,-1
2226,42031,-1,-1
2227,42033,0,0
2228,42035,-1,-1
2229,42037,-1,-1
2230,42039,-1,-1
2231,42041,-1,-1
2232,42043,-1,-1
2233,42045,-1,-1
2234,42047,-1,-1
2235,42049,-1,-1
2236,42051,-1,-1
2237,42053,-1,-1
2238,42055,-1,-1
2239,42057,0,0
2240,42059,-1,-1
2241,42061,-1,-1
2242,42063,-1,-1
2243,42065,-1,-1
2244,42067,-1,-1
2245,42069,-1,-1
2246,42071,-1,-1
2247,42073,-1,-1
2248,42075,-1,-1
2249,42077,-1,-1
2250,42079,0,-1
2251,42081,-1,-1
2252,42083,0,-1
2253,42085,-1,-1
2254,42087,-1,-1
2255,42089,0,0
2256,42091,-1,-1
2257,42093,-1,-1
2258,42095,-1,-1
2259,42097,-1,-1
2260,42099,-1,-1
2261,42101,-1,-1
2262,42103,0,0
2263,42105,-1,-1
2264,42107,0,0
2265,42109,-1,-1
2266,42111,-1,-1
2267,42113,-1,-1
2268,42115,0,-1
2269,42117,0,-1
2270,42119,-1,-1
2271,42121,-1,-1
2272,42123,0,-1
2273,42125,-1,-1
2274,42127,0,0
2275,42129,-1,-1
2276,42131,0,-1
2277,42133,-1,-1
2278,44001,-1,-1
2279,44003,0,0
2280,44005,-1,-1
2281,44007,0,-1
2282,44009,0,0
2283,45001,0,0
2284,45003,0,0
2285,45005,0,0
2286,45007,0,0
2287,45009,0,0
2288,45011,0,0
2289,45013,0,0
2290,45015,0,0
2291,45017,0,0
2292,45019,0,0
2293,45021,0,0
2294,45023,0,0
2295,45025,0,0
2296,45027,0,0
2297,45029,0,0
2298,45031,0,0
2299,45033,0,0
2300,45035,0,0
2301,45037,0,0
2302,45039,0,0
2303,45041,0,0
2304,45043,1,1
2305,45045,0,0
2306,45047,0,0
2307,45049,0,0
2308,45051,0,0
2309,45053,1,1
2310,45055,0,0
2311,45057,0,0
2312,45059,0,0
2313,45061,0,0
2314,45063,0,0
2315,45065,0,0
2316,45067,0,0
2317,45069,0,0
2318,45071,0,0
2319,45073,0,0
2320,45075,0,0
2321,45077,0,0
2322,45079,0,0
2323,45081,0,0
2324,45083,0,0
2325,45085,0,0
2326,45087,0,0
2327,45089,0,0
2328,45091,0,0
2329,46003,-1,-1
2330,46005,-1,-1
2331,46007,0,0
2332,46009,-1,-1
2333,46011,-1,-1
2334,46013,-1,-1
2335,46015,-1,-1
2336,46017,0,0
2337,46019,0,0
2338,46021,0,0
2339,46023,-1,-1
2340,46025,-1,-1
2341,46027,-1,-1
2342,46029,-1,-1
2343,46031,0,0
2344,46033,0,0
2345,46035,-1,-1
2346,46037,-1,-1
2347,46039,-1,0
2348,46041,0,0
2349,46043,-1,-1
2350,46045,-1,-1
2351,46047,0,0
2352,46049,-1,-1
2353,46051,-1,-1
2354,46053,-1,0
2355,46055,0,0
2356,46057,-1,-1
2357,46059,0,0
2358,46061,-1,-1
2359,46063,0,0
2360,46065,0,0
2361,46067,-1,-1
2362,46069,0,0
2363,46071,0,0
2364,46073,0,0
2365,46075,0,0
2366,46077,-1,-1
2367,46079,-1,-1
2368,46081,0,0
2369,46083,-1,-1
2370,46085,0,0
2371,46087,-1,-1
2372,46089,0,0
2373,46091,0,0
2374,46093,0,0
2375,46095,0,0
2376,46097,-1,-1
2377,46099,-1,-1
2378,46101,-1,-1
2379,46102,0,0
2380,46103,0,0
2381,46105,0,0
2382,46107,-1,0
2383,46109,-1,-1
2384,46111,-1,0
2385,46115,-1,-1
2386,46117,0,0
2387,46119,-1,-1
2388,46121,0,0
2389,46123,-1,0
2390,46125,-1,-1
2391,46127,-1,-1
2392,46129,0,0
2393,46135,-1,-1
2394,46137,0,0
2395,47001,0,0
2396,47003,-1,-1
2397,47005,0,0
2398,47007,0,0
2399,47009,0,0
2400,47011,0,0
2401,47013,0,0
2402,47015,-1,-1
2403,47017,0,0
2404,47019,0,0
2405,47021,-1,-1
2406,47023,0,0
2407,47025,0,0
2408,47027,-1,-1
2409,47029,0,0
2410,47031,0,0
2411,47033,-1,-1
2412,47035,0,0
2413,47037,-1,-1
2414,47039,0,0
2415,47041,-1,-1
2416,47043,-1,-1
2417,47045,-1,-1
2418,47047,0,0
2419,47049,0,0
2420,47051,0,0
2421,47053,-1,-1
2422,47055,0,-1
2423,47057,0,0
2424,47059,-1,-1
2425,47061,0,0
2426,47063,-1,-1
2427,47065,0,0
2428,47067,0,0
2429,47069,0,0
2430,47071,0,0
2431,47073,0,0
2432,47075,-1,-1
2433,47077,0,0
2434,47079,-1,0
2435,47081,0,0
2436,47083,0,-1
2437,47085,0,0
2438,47087,-1,-1
2439,47089,-1,-1
2440,47091,0,-1
2441,47093,-1,-1
2442,47095,-1,-1
2443,47097,-1,-1
2444,47099,0,0
2445,47101,0,0
2446,47103,0,0
2447,47105,0,0
2448,47107,0,0
2449,47109,0,0
2450,47111,-1,-1
2451,47113,-1,-1
2452,47115,0,0
2453,47117,-1,-1
2454,47119,-1,-1
2455,47121,0,0
2456,47123,0,0
2457,47125,-1,-1
2458,47127,0,-1
2459,47129,0,0
2460,47131,-1,-1
2461,47133,0,0
2462,47135,0,0
2463,47137,0,0
2464,47139,0,0
2465,47141,0,-1
2466,47143,0,0
2467,47145,0,0
2468,47147,-1,-1
2469,47149,-1,-1
2470,47151,0,0
2471,47153,0,0
2472,47155,0,0
2473,47157,-1,-1
2474,47159,-1,-1
2475,47161,0,0
2476,47163,-1,-1
2477,47165,-1,-1
2478,47167,-1,-1
2479,47169,-1,-1
2480,47171,0,0
2481,47173,0,0
2482,47175,0,0
2483,47177,0,0
2484,47179,-1,-1
2485,47181,0,0
2486,47183,-1,-1
2487,47185,0,0
2488,47187,-1,-1
2489,47189,-1,-1
2490,48001,0,0
2491,48003,0,0
2492,48005,0,0
2493,48007,0,0
2494,48009,0,0
2495,48011,0,0
2496,48013,0,0
2497,48015,-1,-1
2498,48017,0,0
2499,48019,0,0
2500,48021,0,0
2501,48023,0,0
2502,48025,-1,0
2503,48027,0,0
2504,48029,0,-1
2505,48031,0,0
2506,48033,1,0
2507,48035,0,0
2508,48037,0,0
2509,48039,0,0
2510,48041,0,-1
2511,48043,0,0
2512,48045,0,0
2513,48047,0,0
2514,48049,0,0
2515,48051,0,0
2516,48053,0,0
2517,48055,0,0
2518,48057,-1,0
2519,48059,0,0
2520,48061,-1,-1
2521,48063,0,0
2522,48065,0,0
2523,48067,0,0
2524,48069,-1,-1
2525,48071,0,0
2526,48073,0,0
2527,48075,0,0
2528,48077,0,0
2529,48079,0,0
2530,48081,1,0
2531,48083,0,0
2532,48085,-1,-1
2533,48087,0,0
2534,48089,-1,-1
2535,48091,0,0
2536,48093,0,0
2537,48095,0,0
2538,48097,0,0
2539,48099,0,0
2540,48101,0,0
2541,48103,0,0
2542,48105,0,0
2543,48107,0,0
2544,48109,0,0
2545,48111,0,0
2546,48113,-1,-1
2547,48115,-1,0
2548,48117,0,0
2549,48119,0,0
2550,48121,0,0
2551,48123,0,-1
2552,48125,0,0
2553,48127,0,-1
2554,48129,0,0
2555,48131,0,-1
2556,48133,0,0
2557,48135,0,0
2558,48137,0,0
2559,48139,0,0
2560,48141,-1,-1
2561,48143,0,0
2562,48145,-1,0
2563,48147,0,0
2564,48149,0,-1
2565,48151,0,0
2566,48153,0,0
2567,48155,0,0
2568,48157,-1,-1
2569,48159,0,0
2570,48161,0,0
2571,48163,0,0
2572,48165,0,0
2573,48167,0,0
2574,48169,1,0
2575,48171,0,0
2576,48173,0,0
2577,48175,0,0
2578,48177,0,-1
2579,48179,0,0
2580,48181,0,0
2581,48183,0,0
2582,48185,0,0
2583,48187,0,0
2584,48189,-1,-1
2585,48191,0,0
2586,48193,0,0
2587,48195,-1,0
2588,48197,0,0
2589,48199,0,0
2590,48201,-1,-1
2591,48203,0,0
2592,48205,0,0
2593,48207,-1,-1
2594,48209,0,0
2595,48211,0,0
2596,48213,0,0
2597,48215,0,0
2598,48217,0,0
2599,48219,-1,-1
2600,48221,0,0
2601,48223,0,0
2602,48225,0,0
2603,48227,0,0
2604,48229,-1,-1
2605,48231,0,0
2606,48233,0,0
2607,48235,1,1
2608,48237,0,0
2609,48239,-1,0
2610,48241,0,0
2611,48243,0,0
2612,48245,0,0
2613,48247,0,0
2614,48249,-1,0
2615,48251,0,0
2616,48253,-1,-1
2617,48255,0,-1
2618,48257,0,0
2619,48259,0,0
2621,48263,1,0
2622,48265,0,0
2623,48267,0,1
2625,48271,0,0
2626,48273,0,0
2627,48275,0,0
2628,48277,0,0
2629,48279,-1,-1
2630,48281,0,0
2631,48283,0,0
2632,48285,-1,-1
2633,48287,0,0
2634,48289,0,0
2635,48291,0,0
2636,48293,0,0
2637,48295,0,0
2638,48297,-1,-1
2639,48299,1,0
2641,48303,-1,-1
2642,48305,-1,0
2643,48307,0,0
2644,48309,0,0
2645,48311,0,-1
2646,48313,0,0
2647,48315,0,0
2648,48317,0,0
2649,48319,1,1
2650,48321,0,0
2651,48323,-1,-1
2652,48325,0,0
2653,48327,0,0
2654,48329,0,0
2655,48331,-1,-1
2656,48333,0,0
2657,48335,0,0
2658,48337,0,0
2659,48339,0,0
2660,48341,0,0
2661,48343,0,0
2662,48345,1,1
2663,48347,0,0
2664,48349,0,0
2665,48351,0,0
2666,48353,0,0
2667,48355,-1,-1
2668,48357,0,0
2669,48359,0,0
2670,48361,0,0
2671,48363,0,0
2672,48365,0,0
2673,48367,0,0
2674,48369,-1,-1
2675,48371,0,0
2676,48373,0,0
2677,48375,0,0
2678,48377,0,0
2679,48379,0,0
2680,48381,0,0
2681,48383,0,0
2682,48385,0,0
2683,48387,0,0
2684,48389,-1,-1
2685,48391,0,0
2686,48393,0,0
2687,48395,-1,-1
2688,48397,0,0
2689,48399,0,0
2690,48401,0,0
2691,48403,0,0
2692,48405,0,0
2693,48407,0,0
2694,48409,-1,-1
2695,48411,0,0
2696,48413,1,0
2697,48415,0,0
2698,48417,0,0
2699,48419,0,0
2700,48421,-1,-1
2701,48423,0,0
2702,48425,0,0
2703,48427,0,0
2704,48429,0,0
2705,48431,1,1
2706,48433,0,0
2707,48435,1,0
2708,48437,-1,-1
2709,48439,-1,-1
2710,48441,0,0
2711,48443,0,-1
2712,48445,-1,-1
2713,48447,0,0
2714,48449,0,0
2715,48451,0,0
2716,48453,0,0
2717,48455,0,0
2718,48457,0,0
2719,48459,1,0
2720,48461,0,0
2721,48463,0,0
2722,48465,0,0
2723,48467,0,0
2724,48469,0,0
2725,48471,0,0
2726,48473,0,0
2727,48475,0,0
2728,48477,0,-1
2729,48479,0,-1
2730,48481,-1,-1
2731,48483,0,0
2732,48485,0,0
2733,48487,0,0
2734,48489,-1,-1
2735,48491,0,0
2736,48493,0,0
2737,48495,0,0
2738,48497,0,0
2739,48499,0,0
2740,48501,0,0
2741,48503,0,0
2742,48505,0,0
2743,48507,0,0
2744,49001,1,1
2745,49003,0,0
2746,49005,0,0
2747,49007,0,0
2748,49009,0,0
2749,49011,0,0
2750,49013,0,0
2751,49015,0,0
2752,49017,0,0
2753,49019,0,0
2754,49021,1,1
2755,49023,0,0
2756,49025,0,0
2757,49027,0,0
2758,49029,0,1
2759,49031,0,0
2760,49033,0,0
2761,49035,0,0
2762,49037,0,0
2763,49039,0,0
2764,49041,0,0
2765,49043,0,0
2766,49045,0,0
2767,49047,0,0
2768,49049,0,1
2769,49051,0,0
2770,49053,1,1
2771,49055,0,0
2772,49057,0,0
2773,50001,-1,-1
2774,50003,0,-1
2775,50005,-1,-1
2776,50007,-1,-1
2777,50009,-1,-1
2778,50011,-1,-1
2779,50013,-1,-1
2780,50015,-1,-1
2781,50017,-1,-1
2782,50019,-1,-1
2783,50021,0,-1
2784,50023,-1,-1
2785,50025,-1,-1
2786,50027,-1,-1
2787,51001,0,0
2788,51003,0,0
2789,51005,0,-1
2790,51007,0,0
2791,51009,0,0
2792,51011,0,0
2793,51013,-1,-1
2794,51015,0,0
2795,51017,0,-1
2796,51019,0,0
2797,51021,0,-1
2798,51023,0,0
2799,51025,0,0
2800,51027,0,0
2801,51029,0,-1
2802,51031,0,0
2803,51033,0,0
2804,51035,0,0
2805,51036,0,-1
2806,51037,0,0
2807,51041,0,-1
2808,51043,0,0
2809,51045,0,0
2810,51047,0,0
2811,51049,0,-1
2812,51051,0,0
2813,51053,0,0
2814,51057,0,0
2815,51059,-1,-1
2816,51061,0,0
2817,51063,0,-1
2818,51065,0,-1
2819,51067,0,0
2820,51069,0,0
2821,51071,0,-1
2822,51073,0,0
2823,51075,0,-1
2824,51077,0,0
2825,51079,0,0
2826,51081,0,0
2827,51083,0,0
2828,51085,0,-1
2829,51087,-1,-1
2830,51089,0,0
2831,51091,0,-1
2832,51093,-1,0
2833,51095,0,0
2834,51097,0,0
2835,51099,0,-1
2836,51101,0,0
2837,51103,0,0
2838,51105,0,0
2839,51107,-1,-1
2840,51109,0,0
2841,51111,0,0
2842,51113,0,0
2843,51115,0,0
2844,51117,0,0
2845,51119,0,0
2846,51121,0,-1
2847,51125,0,0
2848,51127,0,-1
2849,51131,-1,0
2850,51133,-1,0
2851,51135,0,0
2852,51137,0,0
2853,51139,0,0
2854,51141,0,0
2855,51143,0,0
2856,51145,0,-1
2857,51147,0,0
2858,51149,0,-1
2859,51153,-1,-1
2860,51155,-1,-1
2861,51157,0,0
2862,51159,0,0
2863,51161,0,0
2864,51163,0,0
2865,51165,0,0
2866,51167,0,0
2867,51169,0,0
2868,51171,0,0
2869,51173,-1,-1
2870,51175,0,0
2871,51177,0,-1
2872,51179,0,-1
2873,51181,0,0
2874,51183,0,0
2875,51185,0,0
2876,51187,0,0
2877,51191,-1,-1
2878,51193,-1,0
2879,51195,0,0
2880,51197,-1,-1
2881,51199,0,0
2882,51510,-1,-1
2883,51520,-1,-1
2884,51530,-1,-1
2885,51540,-1,-1
2886,51550,-1,-1
2887,51570,-1,-1
2888,51580,-1,-1
2889,51590,-1,0
2890,51595,-1,-1
2891,51600,-1,-1
2892,51610,-1,-1
2893,51620,-1,0
2894,51630,-1,-1
2895,51640,-1,0
2896,51650,-1,-1
2897,51660,-1,-1
2898,51670,-1,-1
2899,51678,-1,-1
2900,51680,-1,-1
2901,51683,-1,-1
2902,51685,-1,-1
2903,51690,-1,-1
2904,51700,-1,-1
2905,51710,-1,-1
2906,51720,-1,0
2907,51730,-1,0
2908,51735,0,0
2909,51740,-1,-1
2910,51750,-1,-1
2911,51760,-1,-1
2912,51770,-1,-1
2913,51775,-1,-1
2914,51790,-1,0
2915,51800,0,0
2916,51810,-1,-1
2917,51820,-1,-1
2918,51830,-1,-1
2919,51840,-1,-1
2920,53001,-1,0
2921,53003,0,0
2922,53005,0,0
2923,53007,0,0
2924,53009,0,0
2925,53011,0,0
2926,53013,0,0
2927,53015,0,0
2928,53017,0,0
2929,53019,1,1
2930,53021,-1,0
2931,53023,0,0
2932,53025,-1,0
2933,53027,0,-1
2934,53029,0,0
2935,53031,0,0
2936,53033,0,-1
2937,53035,0,-1
2938,53037,1,0
2939,53039,0,0
2940,53041,0,0
2941,53043,0,0
2942,53045,0,0
2943,53047,0,0
2944,53049,0,-1
2945,53051,0,1
2946,53053,0,0
2947,53055,-1,-1
2948,53057,0,0
2949,53059,0,0
2950,53061,0,0
2951,53063,0,0
2952,53065,0,0
2953,53067,0,0
2954,53069,0,0
2955,53071,-1,0
2956,53073,0,0
2957,53075,-1,-1
2958,53077,0,0
2959,54001,0,-1
2960,54003,0,0
2961,54005,0,0
2962,54007,0,-1
2963,54009,-1,-1
2964,54011,0,0
2965,54013,0,-1
2966,54015,0,0
2967,54017,0,-1
2968,54019,0,0
2969,54021,0,-1
2970,54023,0,0
2971,54025,0,0
2972,54027,0,0
2973,54029,-1,-1
2974,54031,0,0
2975,54033,-1,-1
2976,54035,0,-1
2977,54037,0,0
2978,54039,0,0
2979,54041,0,-1
2980,54043,0,0
2981,54045,0,0
2982,54047,0,0
2983,54049,-1,-1
2984,54051,-1,-1
2985,54053,0,0
2986,54055,0,0
2987,54057,0,0
2988,54059,0,0
2989,54061,-1,-1
2990,54063,0,0
2991,54065,0,0
2992,54067,0,0
2993,54069,-1,-1
2994,54071,0,0
2995,54073,-1,-1
2996,54075,-1,-1
2997,54077,0,-1
2998,54079,0,0
2999,54081,0,0
3000,54083,-1,-1
3001,54085,0,-1
3002,54087,0,-1
3003,54089,0,0
3004,54091,0,-1
3005,54093,-1,-1
3006,54095,-1,-1
3007,54097,-1,-1
3008,54099,0,0
3009,54101,-1,-1
3010,54103,-1,-1
3011,54105,0,-1
3012,54107,-1,-1
3013,54109,0,0
3014,55001,0,0
3015,55003,0,0
3016,55005,-1,0
3017,55007,0,-1
3018,55009,-1,-1
3019,55011,-1,-1
3020,55013,0,0
3021,55015,-1,-1
3022,55017,-1,-1
3023,55019,-1,0
3024,55021,-1,0
3025,55023,-1,-1
3026,55025,-1,-1
3027,55027,-1,-1
3028,55029,-1,-1
3029,55031,0,0
3030,55033,-1,-1
3031,55035,-1,-1
3032,55037,0,0
3033,55039,-1,-1
3034,55041,0,0
3035,55043,-1,-1
3036,55045,-1,-1
3037,55047,0,0
3038,55049,-1,0
3039,55051,0,0
3040,55053,0,0
3041,55055,-1,-1
3042,55057,0,0
3043,55059,-1,-1
3044,55061,-1,-1
3045,55063,-1,-1
3046,55065,-1,-1
3047,55067,0,0
3048,55069,0,0
3049,55071,-1,-1
3050,55073,-1,0
3051,55075,0,0
3052,55077,0,0
3053,55078,0,0
3054,55079,-1,-1
3055,55081,0,0
3056,55083,0,0
3057,55085,0,0
3058,55087,-1,-1
3059,55089,-1,-1
3060,55091,-1,-1
3061,55093,-1,-1
3062,55095,-1,0
3063,55097,0,0
3064,55099,0,0
3065,55101,-1,-1
3066,55103,-1,0
3067,55105,-1,-1
3068,55107,0,0
3069,55109,-1,0
3070,55111,0,0
3071,55113,0,0
3072,55115,0,0
3073,55117,-1,-1
3074,55119,0,0
3075,55121,-1,-1
3076,55123,-1,-1
3077,55125,0,0
3078,55127,-1,-1
3079,55129,0,0
3080,55131,-1,-1
3081,55133,-1,-1
3082,55135,0,0
3083,55137,0,0
3084,55139,-1,-1
3085,55141,0,0
3086,56001,0,0
3087,56003,0,0
3088,56005,0,0
3089,56007,0,0
3090,56009,0,0
3091,56011,0,0
3092,56013,0,0
3093,56015,0,0
3094,56017,0,0
3095,56019,0,0
3096,56021,0,0
3097,56023,0,0
3098,56025,0,0
3099,56027,0,0
3100,56029,0,0
3101,56031,0,0
3102,56033,0,0
3103,56035,0,0
3104,56037,0,0
3105,56039,0,0
3106,56041,0,0
3107,56043,0,0
3108,56045,0,0
2620,48261,0,5
2624,48269,1,5
2640,48301,0,5
